id,titulo,pagina_inicio,recuento,ultima_lectura
1,Espíritu de principiante,11,0,
2,Resolver del todo,13,0,
3,Las olas de las distracciones,15,0,
4,Resistencias y perseverancia,18,0,
5,Demasiadas búsquedas,20,0,
6,El arte de la esperanza,22,0,
7,El asombro de estar presente,25,0,
8,La felicidad es percepción,28,0,
9,Todo cambia,29,0,
10,Yo soy el universo,31,0,
11,Rutina y creatividad,33,0
12,La consciencia es la unidad consigo mismo,35,0,
13,Matar los sueños,36,0
14,Me gusta o no me gusta,39,0
15,Calidad de las sentadas,40,0
16,Vislumbres de lo Real,42,0
17,Postradiones rituales y existenciales,44,0
18,Pensar menos,45,0
19,La sonrisa del maestro interior,47,0
20,La propia porción del dolor,49,0
21,El iceber es sólo agua,51,0
22,La puerta sin puerta,53,0
23,Falsos problemas,55,0
24,Oportunidades del destino,56,0
25,El silencio en quietud,58,0
26,El poder del ahora,60,0
27,Enamorados del drama,61,0
28,Observar la mente es el camino,62,0
29,Responsables de nuestro estar bien o mal,64,0
30,El escenario vacío,66,0
31,La única gran pregunta,67,0
32,Un largo proceso de decepción,69,0
33,Muerte de las ideas,71,0
34,Una llamada misteriosa,73,0
35,Ratas de biblioteca,75,0
36,Congregación de los solitarios,77,0
37,El maestro de meditación,78,0
38,La mirada lateral,81,0
39,Frutos de la meditación,83,0
40,El pequeño yo,84,0
41,Preferencia por el no-hacer,85,0
42,Todo depende de nosotros,87,0
43,El dilema de la vida,88,0
44,Nacer dos veces,91,0
45,La vía purgativa,93,0
46,El país de la consciencia,95,0
47,El testigo del testigo,97,0
48,Ética de la atención y del cuidado,100,0
49,La motivación inicial y las posteriores,103,0